{
    "datos": [
        {
            "x": 0.4786543846130371,
            "y": 2.8240342140197756
        },
        {
            "x": -4.672779083251953,
            "y": 2.034334659576416
        }
    ]
}